{"epoch": [1, 2, 3, 4, 5, 6, 7, 8, 9, 10, 11, 12, 13, 14, 15, 16, 17, 18, 19, 20, 21, 22, 23, 24, 25, 26, 27, 28, 29, 30], "loss": [3.953614619148662, 2.249825050228374, 1.4905254950316764, 1.1122225689777534, 0.8833422326277799, 0.7784150774732933, 0.6633987718261936, 0.5926178760724977, 0.5298881093899203, 0.554336090483873, 0.43713550121638794, 0.4499959765867468, 0.3818135298654415, 0.3258715707168262, 0.36403486671903595, 0.32563691180990195, 0.3671601305789964, 0.2979769116909093, 0.2873767768857742, 0.31913815202829576, 0.29921592341275083, 0.27451109924362693, 0.2355382214879638, 0.23944246644003989, 0.2195427511881814, 0.20209573158566393, 0.1886096059127555, 0.20511407391462277, 0.20213803783509296, 0.18092031016527987], "accuracy": [0.23444976076555024, 0.4449760765550239, 0.5526315789473685, 0.6076555023923444, 0.6148325358851675, 0.6722488038277512, 0.7320574162679426, 0.7631578947368421, 0.7344497607655502, 0.8181818181818182, 0.7488038277511961, 0.8325358851674641, 0.8301435406698564, 0.8181818181818182, 0.7559808612440191, 0.8014354066985646, 0.7990430622009569, 0.7966507177033493, 0.8971291866028708, 0.8397129186602871, 0.854066985645933, 0.854066985645933, 0.8564593301435407, 0.8803827751196173, 0.868421052631579, 0.8923444976076556, 0.8803827751196173, 0.8732057416267942, 0.8660287081339713, 0.8588516746411483]}