{"epoch": [1, 2, 3, 4, 5, 6, 7, 8, 9, 10, 11, 12, 13, 14, 15, 16, 17, 18, 19, 20], "loss": [3.374891202151775, 3.073382352292538, 2.568193317949772, 1.5604546386399307, 0.9960374748792674, 0.8521861792574782, 0.78740234479028, 0.504914139862376, 0.5010011168756592, 0.3542944144228386, 0.31387978358688995, 0.3532092614357225, 0.3083118786350951, 0.2299185901381861, 0.332029419505966, 0.21239872224213058, 0.262811992515276, 0.21521683720152396, 0.18592847247391547, 0.21412461532006546], "accuracy": [0.05, 0.075, 0.35, 0.675, 0.8, 0.9, 0.775, 0.875, 0.875, 0.9, 0.925, 0.9, 0.925, 0.925, 0.925, 0.875, 0.95, 0.875, 0.925, 0.925]}