{"epoch": [1, 2, 3, 4, 5, 6, 7, 8, 9, 10, 11, 12, 13, 14, 15, 16, 17, 18, 19, 20], "loss": [2.9375899001955985, 2.436469277739525, 2.3767786622047424, 2.3683135181665422, 2.355521859228611, 2.3274163961410523, 2.308232232928276, 2.283180649578571, 2.2542115613818168, 2.19639740139246, 2.178859104216099, 2.109263430535793, 2.044167958199978, 1.9368342742323876, 1.9033949002623558, 1.7585852205753327, 1.7178373105823994, 1.6189025685191154, 1.529411906003952, 1.4367631576955318], "accuracy": [0.1, 0.1, 0.1, 0.15, 0.1, 0.2, 0.25, 0.25, 0.45, 0.1, 0.25, 0.45, 0.65, 0.7, 0.6, 0.6, 0.65, 0.7, 0.75, 0.6]}