{"epoch": [1, 2, 3, 4, 5, 6, 7, 8, 9, 10, 11, 12, 13, 14, 15, 16, 17, 18, 19, 20, 21, 22, 23, 24, 25, 26, 27, 28, 29, 30], "loss": [3.634648541609446, 3.5312035282452903, 3.399749457836151, 3.1989737153053284, 2.8644215861956277, 2.3923502763112388, 1.9466898043950398, 1.6279428402582805, 1.4222339987754822, 1.2575699985027313, 1.1349549144506454, 1.043602039416631, 0.9789488116900126, 0.9210383345683416, 0.8760113964478174, 0.8405232181151708, 0.8127199411392212, 0.7892826199531555, 0.7625820289055506, 0.8023292670647303, 0.7400200118621191, 0.7785846292972565, 0.7337209482987722, 0.7020483488837878, 0.6871469368537267, 0.6861579890052477, 0.6661837846040726, 0.6565246606866518, 0.6489606350660324, 0.6431330020229021], "accuracy": [0.0, 0.3333333333333333, 0.3333333333333333, 0.6666666666666666, 0.6666666666666666, 0.6666666666666666, 0.6666666666666666, 0.6666666666666666, 0.6666666666666666, 0.6666666666666666, 0.6666666666666666, 0.6666666666666666, 0.6666666666666666, 0.6666666666666666, 0.6666666666666666, 0.6666666666666666, 0.6666666666666666, 0.6666666666666666, 0.6666666666666666, 0.6666666666666666, 0.6666666666666666, 0.6666666666666666, 0.6666666666666666, 0.6666666666666666, 0.6666666666666666, 0.6666666666666666, 1.0, 1.0, 1.0, 1.0]}