{"epoch": [1, 2, 3, 4, 5, 6, 7, 8, 9, 10], "loss": [3.9871413087966125, 2.230433474891757, 1.4917437395304975, 1.0584890952638675, 0.8350802885382679, 0.6803089624245995, 0.5610442546405008, 0.4959817180899933, 0.4185423066037766, 0.3904922961648828], "accuracy": [0.21770334928229665, 0.5, 0.5980861244019139, 0.7009569377990431, 0.7464114832535885, 0.7511961722488039, 0.7870813397129187, 0.8301435406698564, 0.8349282296650717, 0.8349282296650717]}