{"epoch": [1, 2, 3, 4, 5, 6, 7, 8, 9, 10, 11, 12, 13, 14, 15, 16, 17, 18, 19, 20, 21, 22, 23, 24, 25, 26, 27, 28, 29, 30], "loss": [2.221298606859313, 1.0089351601070828, 0.6149071612291865, 0.4410499843458335, 0.27976559640632737, 0.1426430730563071, 0.08034116981758012, 0.05369392078783777, 0.03817051654267642, 0.029002917076771457, 0.02479783629274203, 0.02105426376995941, 0.01821360317990184, 0.01608027486751477, 0.01564602740108967, 0.013378792623471882, 0.011978961656697922, 0.010707946869337725, 0.010049008492690822, 0.009614110355161957, 0.009184329628220035, 0.008839501158541275, 0.00779009473303126, 0.007054907942397727, 0.006550515898399883, 0.006102938838820491, 0.005686971533577889, 0.005301844050538623, 0.004957185747722785, 0.004659985644846327], "accuracy": [0.3333333333333333, 0.6666666666666666, 0.7777777777777778, 0.6666666666666666, 0.8888888888888888, 0.8888888888888888, 0.8888888888888888, 0.8888888888888888, 0.8888888888888888, 0.8888888888888888, 0.8888888888888888, 0.8888888888888888, 0.8888888888888888, 0.8888888888888888, 0.8888888888888888, 0.8888888888888888, 0.8888888888888888, 0.8888888888888888, 0.8888888888888888, 0.8888888888888888, 0.7777777777777778, 0.8888888888888888, 0.8888888888888888, 0.8888888888888888, 0.8888888888888888, 0.8888888888888888, 0.8888888888888888, 0.8888888888888888, 0.8888888888888888, 0.8888888888888888]}