{"epoch": [1, 2, 3, 4, 5, 6, 7, 8, 9, 10, 11, 12, 13, 14, 15, 16, 17, 18, 19, 20, 21, 22, 23, 24, 25, 26, 27, 28, 29, 30, 31, 32, 33, 34, 35, 36, 37, 38, 39, 40, 41, 42, 43, 44, 45, 46, 47, 48, 49, 50], "loss": [3.175703763961792, 1.693671190076404, 1.217722578595082, 0.8716802406642172, 0.7003122230784761, 0.4953114469018247, 0.534025757211364, 0.4454148565419018, 0.38765035062614417, 0.4413796166061527, 0.3187249731272459, 0.3873237091271828, 0.258077794401389, 0.20242670290948203, 0.2039460916356701, 0.19711185809380063, 0.1521724647997568, 0.21062894507000843, 0.18780269817863074, 0.21892200278428695, 0.14406626262158775, 0.057020090707939945, 0.06653756856556153, 0.07700497426816987, 0.13486207496478325, 0.10810330553471835, 0.1712904437703805, 0.17987324328472218, 0.19581641605408448, 0.13548197259337436, 0.14636771399980514, 0.07713794108066294, 0.051116948720947325, 0.06584129699169555, 0.10644009552844283, 0.07734733202960342, 0.09956293625550137, 0.029187848125325724, 0.0950680458594838, 0.15236577030413578, 0.051428072607248194, 0.07874852759737729, 0.027967106360140152, 0.027722965182167374, 0.027850741976484034, 0.028956276742974296, 0.0624230187095236, 0.07990960312761469, 0.04083770514342985, 0.04212757039931603], "accuracy": [0.3333333333333333, 0.5555555555555556, 0.6666666666666666, 0.6666666666666666, 0.7777777777777778, 0.8888888888888888, 0.8888888888888888, 0.8888888888888888, 0.8888888888888888, 1.0, 0.8888888888888888, 1.0, 1.0, 1.0, 1.0, 1.0, 1.0, 1.0, 1.0, 1.0, 1.0, 1.0, 1.0, 1.0, 1.0, 1.0, 0.8888888888888888, 0.8888888888888888, 0.8888888888888888, 1.0, 1.0, 0.8888888888888888, 0.8888888888888888, 1.0, 0.8888888888888888, 1.0, 1.0, 1.0, 1.0, 1.0, 1.0, 1.0, 1.0, 1.0, 1.0, 0.8888888888888888, 1.0, 1.0, 1.0, 1.0]}