{"epoch": [1, 2, 3, 4, 5, 6, 7, 8, 9, 10, 11, 12, 13, 14, 15, 16, 17, 18, 19, 20, 21, 22, 23, 24, 25, 26, 27, 28, 29, 30], "loss": [4.0089814010588665, 2.520889573815702, 1.7825570248201423, 1.314062918110498, 0.91185547380165, 0.7317289771216138, 0.6173516040806822, 0.47059193973372254, 0.3816840481424964, 0.380981679395961, 0.34560855688835107, 0.24286517917241054, 0.28159649511039114, 0.24841048657969447, 0.2708762446414914, 0.21588358984660663, 0.21053839854805442, 0.21076718947101605, 0.21752005323426124, 0.18475231149707655, 0.1567889241754422, 0.18594620961665334, 0.1521677619440774, 0.17324564808325743, 0.17566967337388648, 0.11677244425605426, 0.15084324176942074, 0.12914935238572373, 0.19864306972017126, 0.1485934109621943], "accuracy": [0.19161676646706588, 0.3772455089820359, 0.5029940119760479, 0.6227544910179641, 0.718562874251497, 0.7724550898203593, 0.7365269461077845, 0.7724550898203593, 0.8502994011976048, 0.8562874251497006, 0.8922155688622755, 0.8323353293413174, 0.8263473053892215, 0.8562874251497006, 0.8862275449101796, 0.874251497005988, 0.874251497005988, 0.8622754491017964, 0.8802395209580839, 0.8622754491017964, 0.8862275449101796, 0.9041916167664671, 0.8802395209580839, 0.9161676646706587, 0.8802395209580839, 0.8502994011976048, 0.9281437125748503, 0.9341317365269461, 0.9101796407185628, 0.8682634730538922]}