{"epoch": [1, 2, 3, 4, 5, 6, 7, 8, 9, 10, 11, 12, 13, 14, 15, 16, 17, 18, 19, 20, 21, 22, 23, 24, 25, 26, 27, 28, 29, 30, 31, 32, 33, 34, 35, 36, 37, 38, 39, 40, 41, 42, 43, 44, 45, 46, 47, 48, 49, 50], "loss": [3.4708949903647106, 2.8377409239610034, 2.561313005288442, 2.310907781124115, 2.0994932581981023, 1.92522884507974, 1.86400174126029, 1.6726967751979829, 1.5479910542567572, 1.4983439738551776, 1.3941096484661102, 1.5645525389661392, 1.3473775922010343, 1.2386281399677197, 1.2277813371270896, 1.4649888814116518, 1.3285043947398663, 1.1843202983339627, 1.0743050736375153, 0.9695960882119834, 0.916014573071152, 0.8860155484483888, 0.8448033598406861, 0.8336411405199518, 0.8733554337639362, 0.7751678629778326, 0.7282683002917717, 0.7111180708510801, 0.6675730425165967, 0.666901549239022, 0.6266482942737639, 0.5744388135460515, 0.6877543890072654, 0.6198234547240039, 0.6386449950630777, 0.6554904747211064, 0.5943594590896585, 0.4856795116250093, 0.4562919539011394, 0.43795532571772733, 1.2433377454522998, 0.8168796990736155, 0.582203501057423, 0.522052123232667, 0.47764133459616764, 0.5522523695544805, 0.629043736254486, 0.43217896663409194, 0.3867031568525514, 0.3604825280335111], "accuracy": [0.06666666666666667, 0.26666666666666666, 0.3333333333333333, 0.26666666666666666, 0.36666666666666664, 0.5666666666666667, 0.4666666666666667, 0.5666666666666667, 0.6, 0.5333333333333333, 0.5666666666666667, 0.43333333333333335, 0.5333333333333333, 0.5333333333333333, 0.6, 0.5, 0.5666666666666667, 0.6, 0.6333333333333333, 0.6, 0.6333333333333333, 0.6333333333333333, 0.6666666666666666, 0.6666666666666666, 0.6, 0.6333333333333333, 0.6333333333333333, 0.6, 0.5666666666666667, 0.6333333333333333, 0.6, 0.6, 0.6, 0.6333333333333333, 0.5, 0.6666666666666666, 0.5666666666666667, 0.6666666666666666, 0.5333333333333333, 0.7, 0.6, 0.7333333333333333, 0.7, 0.7333333333333333, 0.7, 0.7, 0.7, 0.6666666666666666, 0.5666666666666667, 0.6]}