{"epoch": [1, 2, 3, 4, 5, 6, 7, 8, 9, 10, 11, 12, 13, 14, 15, 16, 17, 18, 19, 20, 21, 22, 23, 24, 25, 26, 27, 28, 29, 30, 31, 32, 33, 34, 35, 36, 37, 38, 39, 40, 41, 42, 43, 44, 45, 46, 47, 48, 49, 50], "loss": [3.1858611524105074, 2.3497251863280932, 1.9451238016287486, 1.7724994376922647, 1.646300019385914, 1.3993257589793453, 1.252562436616669, 0.9978086890769191, 1.0083539693693941, 1.1054464447816523, 0.865673887283386, 0.8243101865373319, 0.7304359750177052, 0.8079411091544898, 0.7219569260628002, 0.6414439389613108, 0.6876769940252416, 0.6188799119651472, 0.688005235431289, 0.6682237085741993, 0.7557431575415345, 0.469899286194656, 0.4928686702851943, 0.4433760433794911, 0.7210448868768556, 0.7754333873652892, 0.7661223830567906, 0.7080696582149054, 0.5427242264343174, 0.5477596989561183, 0.6781702549132509, 0.4968133663625243, 0.4004722436483765, 0.4340351851083445, 0.4106571772431683, 0.3413299943632713, 0.3466348608773842, 0.3220493436359296, 0.275077466599699, 0.25772802665942435, 0.45651599474501076, 0.49444658211845083, 0.4141069742926902, 0.25730742346345326, 0.2331321449646945, 0.20398301180528808, 0.22197016586725718, 0.2075225781945316, 0.18730791774147898, 0.18352105875407762], "accuracy": [0.3333333333333333, 0.3, 0.4666666666666667, 0.5333333333333333, 0.6333333333333333, 0.7, 0.8, 0.8333333333333334, 0.6, 0.6, 0.8, 0.8, 0.8333333333333334, 0.7, 0.7333333333333333, 0.8666666666666667, 0.8, 0.6666666666666666, 0.7666666666666667, 0.7333333333333333, 0.9, 0.8333333333333334, 0.8333333333333334, 0.8333333333333334, 0.6333333333333333, 0.8, 0.9, 0.8, 0.7333333333333333, 0.8, 0.8333333333333334, 0.8666666666666667, 0.8333333333333334, 0.7666666666666667, 0.8666666666666667, 0.9, 0.9, 0.9, 0.9, 0.9, 0.7333333333333333, 0.7333333333333333, 0.8666666666666667, 0.8666666666666667, 0.8666666666666667, 0.8666666666666667, 0.9, 0.9, 0.9, 0.9]}