{"epoch": [1, 2, 3, 4, 5, 6, 7, 8, 9, 10, 11, 12, 13, 14, 15, 16, 17, 18, 19, 20, 21, 22, 23, 24, 25, 26, 27, 28, 29, 30], "loss": [3.525247985124588, 3.390365707874298, 2.9845029592514036, 2.5185782313346863, 2.312839135527611, 2.1584468841552735, 2.0080999702215196, 1.877755981683731, 1.7852546557784081, 1.649833443760872, 1.5443998724222183, 1.4585182301700115, 1.3974438354372978, 1.33471453897655, 1.281154616549611, 1.2526670649647713, 1.2158861216157675, 1.1927199132740498, 1.1262954387813806, 1.1064013868570328, 1.0911814600229264, 1.1808953810483218, 1.0235773662105203, 1.131936138868332, 0.9892357846722006, 0.939708692394197, 0.9108241284266114, 0.8849445885047317, 0.8605545066297055, 0.839184339158237], "accuracy": [0.2, 0.2, 0.2, 0.2, 0.4, 0.6, 0.6, 0.3, 0.3, 0.4, 0.4, 0.5, 0.4, 0.3, 0.3, 0.4, 0.4, 0.3, 0.4, 0.4, 0.5, 0.4, 0.3, 0.4, 0.6, 0.5, 0.5, 0.4, 0.5, 0.6]}