{"epoch": [1, 2, 3, 4, 5, 6, 7, 8, 9, 10, 11, 12, 13, 14, 15, 16, 17, 18, 19, 20, 21, 22, 23, 24, 25, 26, 27, 28, 29, 30], "loss": [4.719384284202869, 3.4132218269201426, 2.7060433431313586, 2.2235318877376042, 1.8351336765747803, 1.4429282158326644, 1.251848209792605, 0.9417116394266486, 0.8001456844405486, 0.6615966426208615, 0.5665747323037627, 0.478711699309329, 0.42253302184399216, 0.45467830904795287, 0.42896206393981207, 0.40464311928685326, 0.35744383445417044, 0.2952226698653808, 0.2633192877115037, 0.24270284747024282, 0.21392477374779095, 0.13277890133993844, 0.20656466227989698, 0.18380052901585048, 0.17145602416600852, 0.22313769048116508, 0.12092154848432983, 0.11342884987041964, 0.15665721356316892, 0.19205117756521828], "accuracy": [0.18181818181818182, 0.22727272727272727, 0.30303030303030304, 0.3939393939393939, 0.45454545454545453, 0.5151515151515151, 0.5, 0.5909090909090909, 0.6363636363636364, 0.6666666666666666, 0.6363636363636364, 0.7424242424242424, 0.7424242424242424, 0.6818181818181818, 0.7121212121212122, 0.6212121212121212, 0.7575757575757576, 0.7121212121212122, 0.6515151515151515, 0.8181818181818182, 0.8333333333333334, 0.7121212121212122, 0.7424242424242424, 0.7878787878787878, 0.7575757575757576, 0.6666666666666666, 0.7121212121212122, 0.7727272727272727, 0.7575757575757576, 0.7727272727272727]}