{"epoch": [1, 2, 3, 4, 5, 6, 7, 8, 9, 10, 11, 12, 13, 14, 15, 16, 17, 18, 19, 20, 21, 22, 23, 24, 25, 26, 27, 28, 29, 30, 31, 32, 33, 34, 35, 36, 37, 38, 39, 40, 41, 42, 43, 44, 45, 46, 47, 48, 49, 50], "loss": [3.5982932870586715, 3.5823214451471963, 3.5506881723801293, 3.5500234042604766, 3.5318170562386513, 3.5256488223870597, 3.5805449013908706, 3.599588486055533, 3.608439822991689, 3.623627724746863, 3.6137625699241958, 3.5919202491641045, 3.589008465409279, 3.5811297620336213, 3.5674365436037383, 3.566609501838684, 3.552640068034331, 3.541676570971807, 3.5561914468804994, 3.5656312629580498, 3.560158687333266, 3.581910322109858, 3.5620525727669397, 3.5609439040223756, 3.549944947163264, 3.5681292290488877, 3.544768882294496, 3.5170436799526215, 3.5060921932260194, 3.516463170448939, 3.573354577024778, 3.5567980955044427, 3.5412829692165055, 3.5143353765209517, 3.5099260757366815, 3.523754065235456, 3.513305755952994, 3.534042678773403, 3.5430124451716742, 3.5010681077837944, 3.483385443687439, 3.498307300110658, 3.5292114665110907, 3.493442863225937, 3.514597234626611, 3.4949076920747757, 3.471618759135405, 3.4969386955102286, 3.539517268538475, 3.487135743101438], "accuracy": [0.06572461386789352, 0.07656917515609596, 0.11929017417022675, 0.11140322050607952, 0.12816299704239237, 0.1107459743674006, 0.08609924416694052, 0.051593821886296416, 0.03384817614196516, 0.027932960893854747, 0.027604337824515282, 0.04830759119290174, 0.06835359842260927, 0.07492605980939862, 0.09464344396976668, 0.12126191258626355, 0.12553401248767662, 0.1146894511994742, 0.0699967137693066, 0.07689779822543542, 0.12421952021031876, 0.0821557673348669, 0.09004272099901413, 0.07361156753204075, 0.08642786723627999, 0.11797568189286887, 0.10647387446598751, 0.15412421952021033, 0.15149523496549458, 0.12651988169569503, 0.09300032862306934, 0.11633256654617154, 0.14590864278672364, 0.15675320407492607, 0.14492277357870523, 0.14755175813342097, 0.12356227407163983, 0.10976010515938218, 0.08839960565231679, 0.1695695037791653, 0.18961551100887283, 0.13539270456786065, 0.14985211961879724, 0.18764377259283602, 0.14788038120276042, 0.1998028261583963, 0.19783108774235952, 0.16496878080841276, 0.1656260269470917, 0.16398291160039435]}