{"epoch": [1, 2, 3, 4, 5, 6, 7, 8, 9, 10, 11, 12, 13, 14, 15, 16, 17, 18, 19, 20], "loss": [4.284509424547842, 2.8989928035385653, 2.0562758340334053, 1.6012655021063489, 1.2796756509112412, 1.1048277899489738, 0.9467757995863486, 0.8329251464218825, 0.7552247987461818, 0.6743241294536314, 0.5957022658645522, 0.5503405949897757, 0.5257665976351995, 0.47035408296984627, 0.46236479877901676, 0.45339074431407345, 0.3907679645897976, 0.33845692197987104, 0.3781797613208263, 0.3493946254713485], "accuracy": [0.13793103448275862, 0.33156498673740054, 0.4482758620689655, 0.5039787798408488, 0.5013262599469496, 0.6153846153846154, 0.6259946949602122, 0.6153846153846154, 0.6657824933687002, 0.6657824933687002, 0.6445623342175066, 0.7029177718832891, 0.7347480106100795, 0.7798408488063661, 0.7320954907161804, 0.76657824933687, 0.7771883289124668, 0.7427055702917772, 0.7639257294429708, 0.8063660477453581]}