{"epoch": [1, 2, 3, 4, 5, 6, 7, 8, 9, 10, 11, 12, 13, 14, 15, 16, 17, 18, 19, 20, 21, 22, 23, 24, 25, 26, 27, 28, 29, 30, 31, 32, 33, 34, 35, 36, 37, 38, 39, 40, 41, 42, 43, 44, 45, 46, 47, 48, 49, 50], "loss": [4.264830885267869, 2.8050385369835715, 2.045991842813956, 1.5949146973549446, 1.3036732332415462, 1.0719452873148672, 0.9129147386093673, 0.8503516333482893, 0.7105173273216927, 0.7268292124697779, 0.5919511154061772, 0.5865790726575393, 0.5653969753107941, 0.4981190745502618, 0.49357673162715426, 0.46719802424895834, 0.41945775886136155, 0.3965863283327228, 0.3903317213392496, 0.30768218951761284, 0.3380112845760123, 0.34167743631915115, 0.326926644966382, 0.3262518649257629, 0.31130266092373554, 0.26282541047920466, 0.2737232040194337, 0.28294531702300496, 0.30312751887567735, 0.25104931044022744, 0.22227051378925958, 0.2482983784051718, 0.22604205863135005, 0.27293686038485404, 0.22556310514919808, 0.2153219665081276, 0.27919739171371233, 0.20130781183609078, 0.21699749661135684, 0.19861393576101236, 0.17540962330264406, 0.1692490476526843, 0.21047671598320455, 0.1854984811031658, 0.18129287707999286, 0.1808597038925558, 0.14950190597353585, 0.16677257874326504, 0.22388572608481486, 0.16685161728631853], "accuracy": [0.1320754716981132, 0.2695417789757412, 0.33962264150943394, 0.4636118598382749, 0.49865229110512127, 0.5471698113207547, 0.5013477088948787, 0.5714285714285714, 0.5849056603773585, 0.6064690026954178, 0.6442048517520216, 0.6388140161725068, 0.6495956873315364, 0.6765498652291105, 0.7088948787061995, 0.6738544474393531, 0.706199460916442, 0.7142857142857143, 0.7439353099730458, 0.7493261455525606, 0.7439353099730458, 0.7520215633423181, 0.784366576819407, 0.7574123989218329, 0.816711590296496, 0.7897574123989218, 0.7897574123989218, 0.7924528301886793, 0.7628032345013477, 0.8086253369272237, 0.816711590296496, 0.8086253369272237, 0.7331536388140162, 0.7654986522911051, 0.816711590296496, 0.8301886792452831, 0.7897574123989218, 0.7978436657681941, 0.8059299191374663, 0.8409703504043127, 0.8301886792452831, 0.816711590296496, 0.8274932614555256, 0.8274932614555256, 0.8274932614555256, 0.8517520215633423, 0.8328840970350404, 0.8328840970350404, 0.7816711590296496, 0.8436657681940701]}