{"epoch": [1, 2, 3, 4, 5, 6, 7, 8, 9, 10], "loss": [3.568409333626429, 3.257746865351995, 2.921397184332212, 2.734144719938437, 2.560078757504622, 2.4038022284706435, 2.241788792113463, 2.1225031663974128, 1.9987634954353173, 1.8741412088274956], "accuracy": [0.08609924416694052, 0.14130791981597107, 0.1929017417022675, 0.24285244824186658, 0.2813013473545843, 0.345054222806441, 0.3726585606309563, 0.3785737758790667, 0.431482090042721, 0.43936904370686825]}