{"epoch": [1, 2, 3, 4, 5], "loss": [3.4799461543560026, 2.6306073307991027, 1.9449119225144387, 1.1630814030766488, 0.6645069811493158], "accuracy": [0.1, 0.1, 0.6, 0.7, 0.7]}