{"epoch": [1, 2, 3, 4, 5, 6, 7, 8, 9, 10, 11, 12, 13, 14, 15, 16, 17, 18, 19, 20], "loss": [2.183810143508421, 1.1018777190055116, 0.7518521246071723, 0.6237687142121208, 0.5346960000533727, 0.47656304275776756, 0.42842794876676066, 0.4277491346468698, 0.39031621497892194, 0.362253174291364, 0.35911070236270826, 0.3088384379248592, 0.30790585881443067, 0.2909798307538614, 0.269364615534444, 0.2531869495282614, 0.24492732891886784, 0.2484660908694843, 0.2320898771387473, 0.20196973615542663], "accuracy": [0.5821287779237845, 0.6478318002628121, 0.7332457293035479, 0.8909329829172142, 0.8699080157687253, 0.8791064388961892, 0.8252299605781866, 0.8922470433639947, 0.9356110381077529, 0.8804204993429697, 0.9408672798948752, 0.8725361366622865, 0.9172141918528253, 0.9145860709592641, 0.9408672798948752, 0.8475689881734559, 0.8646517739816032, 0.9172141918528253, 0.9461235216819974, 0.9185282522996058]}