{"epoch": [1, 2, 3, 4, 5, 6, 7, 8, 9, 10, 11, 12, 13, 14, 15, 16, 17, 18, 19, 20, 21, 22, 23, 24, 25, 26, 27, 28, 29, 30], "loss": [2.898368842403094, 1.7279631686707337, 1.127156593898932, 0.7394634424398343, 0.4920752884044001, 0.49163479226020473, 0.38358995229161036, 0.4179106568490776, 0.32993472648862127, 0.33165658481496696, 0.28423007668461653, 0.2155480913662662, 0.260463577726235, 0.1652030115442661, 0.24682582359140118, 0.34098074898744624, 0.07738049913314171, 0.12561187136743684, 0.09864590895012952, 0.14310574796885098, 0.10644404903481093, 0.08905492272412327, 0.14421067504833143, 0.15913893113514252, 0.06456396042291696, 0.10918818358174273, 0.17906489781162235, 0.07631151897949166, 0.11968783561702973, 0.08340086532504452], "accuracy": [0.5, 0.6666666666666666, 0.8, 0.8666666666666667, 0.8333333333333334, 0.9, 0.7333333333333333, 0.9333333333333333, 0.9333333333333333, 0.9, 0.8, 0.8666666666666667, 0.9333333333333333, 0.9333333333333333, 0.8333333333333334, 0.9, 0.9, 0.8666666666666667, 0.8, 0.8333333333333334, 0.9, 0.9, 0.9, 0.9333333333333333, 0.9333333333333333, 0.9333333333333333, 0.9, 0.9333333333333333, 0.9333333333333333, 0.9333333333333333]}