{"epoch": [1, 2, 3, 4, 5, 6, 7, 8, 9, 10, 11, 12, 13, 14, 15, 16, 17, 18, 19, 20, 21, 22, 23, 24, 25, 26, 27, 28, 29, 30, 31, 32, 33, 34, 35, 36, 37, 38, 39, 40, 41, 42, 43, 44, 45, 46, 47, 48, 49, 50], "loss": [4.7284079496677105, 3.4898025657121954, 2.7431843402294014, 2.1715518948550407, 1.79453438546222, 1.4390681613236667, 1.1835770678634827, 0.9340797104872763, 0.7976617493845809, 0.730354839271436, 0.5151569057121658, 0.5666899826547775, 0.5094173389997405, 0.3120600722882395, 0.3620943611639982, 0.30349855221037825, 0.31925671276000617, 0.2525000475349281, 0.2308137323331231, 0.2333508005551546, 0.24284333396644797, 0.13161882138587178, 0.163468331630485, 0.11493382832066765, 0.2676490920715598, 0.1884211267817031, 0.1351205996007663, 0.17509274740004913, 0.1272619783227548, 0.14787397379472028, 0.21618925340471135, 0.08588518770263293, 0.08508402399968942, 0.1346004780660783, 0.12563743929437735, 0.06971585138690688, 0.0950666764653376, 0.14291466366501202, 0.07095263459945132, 0.09517039668115523, 0.08429560464264796, 0.1242600973063068, 0.13326895023872287, 0.1268188489545607, 0.08644187480528952, 0.11065698571107112, 0.15600292015179512, 0.11570928293913312, 0.05251147800320443, 0.052966924372325454], "accuracy": [0.12121212121212122, 0.22727272727272727, 0.24242424242424243, 0.45454545454545453, 0.5303030303030303, 0.6363636363636364, 0.6818181818181818, 0.7424242424242424, 0.7424242424242424, 0.803030303030303, 0.7727272727272727, 0.7878787878787878, 0.8484848484848485, 0.8636363636363636, 0.8484848484848485, 0.9090909090909091, 0.8484848484848485, 0.8787878787878788, 0.8787878787878788, 0.9090909090909091, 0.8181818181818182, 0.8939393939393939, 0.8787878787878788, 0.9090909090909091, 0.8484848484848485, 0.8484848484848485, 0.8787878787878788, 0.8484848484848485, 0.8636363636363636, 0.8787878787878788, 0.9393939393939394, 0.9242424242424242, 0.9242424242424242, 0.9090909090909091, 0.8787878787878788, 0.9090909090909091, 0.8787878787878788, 0.8787878787878788, 0.9242424242424242, 0.8939393939393939, 0.8636363636363636, 0.8939393939393939, 0.8939393939393939, 0.8333333333333334, 0.8484848484848485, 0.8939393939393939, 0.8787878787878788, 0.8787878787878788, 0.8333333333333334, 0.9242424242424242]}