{"epoch": [1, 2, 3, 4, 5, 6, 7, 8, 9, 10, 11, 12, 13, 14, 15, 16, 17, 18, 19, 20], "loss": [3.031609735568054, 2.1117080172756686, 1.4155443986994214, 1.04554926288547, 0.7484284291451331, 0.749959933545324, 0.6437521468891646, 0.5437497848892235, 0.5338486970242229, 0.3463154992819909, 0.361403563102067, 0.2269902407329937, 0.215911035005729, 0.4197272535704542, 0.19286242496827982, 0.26460410200766094, 0.14678767975090068, 0.2693680378798035, 0.24542930235810445, 0.10785630524933368], "accuracy": [0.275, 0.4, 0.825, 0.775, 0.825, 0.725, 0.875, 0.875, 0.925, 0.8, 0.925, 0.95, 1.0, 0.95, 0.9, 0.95, 0.9, 0.9, 0.875, 0.975]}