{"epoch": [1, 2, 3, 4, 5, 6, 7, 8, 9, 10, 11, 12, 13, 14, 15, 16, 17, 18, 19, 20, 21, 22, 23, 24, 25, 26, 27, 28, 29, 30, 31, 32, 33, 34, 35, 36, 37, 38, 39, 40, 41, 42, 43, 44, 45, 46, 47, 48, 49, 50], "loss": [2.925666128098965, 2.300188447535038, 1.696948542445898, 0.9928136935923249, 0.7126456372672691, 0.5829125647898763, 0.48930418711388485, 0.3259586695407052, 0.3745928100310266, 0.3091921636107145, 0.4123071473673917, 0.32557740446936806, 0.3107188713445794, 0.35483283108624164, 0.16474297974054936, 0.2060457636587671, 0.10638699515984626, 0.2554143110188306, 0.1285432627701084, 0.12781150689697823, 0.2079533162243024, 0.1256192068263772, 0.20080399519574713, 0.14640138468221267, 0.18242892995695, 0.16319021844137752, 0.11732900951828924, 0.08470567230651796, 0.12080971464183676, 0.10442586278695672, 0.11994847431797098, 0.062192656403203726, 0.07082315005791315, 0.030343709883163685, 0.0898269007586805, 0.08467974502163997, 0.1468400938603736, 0.21024491744128682, 0.058565663420813506, 0.04642537847485073, 0.08021248303975881, 0.12499205910626188, 0.12034676007028793, 0.11617687879188451, 0.09703457463956511, 0.05045200994291008, 0.05227373252746474, 0.034047268047288526, 0.08748222936774255, 0.07003037954659704], "accuracy": [0.1, 0.1, 0.55, 0.8, 0.7, 0.85, 0.85, 0.9, 0.95, 0.95, 0.95, 0.95, 0.95, 0.85, 0.9, 0.95, 0.95, 0.85, 0.9, 0.95, 0.85, 0.95, 0.9, 0.95, 0.95, 0.95, 0.95, 0.95, 0.95, 0.95, 0.95, 0.95, 0.95, 0.95, 0.9, 0.95, 0.95, 0.95, 0.95, 0.95, 0.95, 0.95, 0.95, 0.95, 0.95, 0.95, 0.95, 0.95, 0.95, 0.95]}