{"epoch": [1, 2, 3, 4, 5], "loss": [39.39770170750198, 2.512573581933657, 4.738524239655817e-07, 0.0011602080427110194, 0.0], "accuracy": [0.5, 0.6, 0.4, 0.4, 0.4]}