{"epoch": [1, 2, 3, 4, 5, 6, 7, 8, 9, 10], "loss": [3.58684233824412, 3.3176486815015473, 3.0069689601659775, 2.8199001401662827, 2.6587249065438905, 2.52583297342062, 2.374533485621214, 2.2332374242444835, 2.093056034296751, 1.9780205537875493], "accuracy": [0.055865921787709494, 0.08149852119618797, 0.14459415050936575, 0.21097601051593823, 0.2467959250739402, 0.294446270128163, 0.3174498849819257, 0.33881038448899115, 0.3677292145908643, 0.40124876766349]}