{"epoch": [1, 2, 3, 4, 5, 6, 7, 8, 9, 10, 11, 12, 13, 14, 15, 16, 17, 18, 19, 20, 21, 22, 23, 24, 25, 26, 27, 28, 29, 30, 31, 32, 33, 34, 35, 36, 37, 38, 39, 40, 41, 42, 43, 44, 45, 46, 47, 48, 49, 50], "loss": [3.5633447885513307, 3.3416783690452574, 2.873661381006241, 2.542251652479172, 2.3756897538900374, 2.2757614314556123, 2.145155707001686, 2.0807320296764376, 1.9793053239583969, 1.8883706405758858, 1.8188582524657249, 1.740263866633177, 1.669709674268961, 1.605356065928936, 1.557989263162017, 1.4990535851567983, 1.4548234071582555, 1.4746874824166298, 1.4971941836178302, 1.3580297347158194, 1.2810142174363137, 1.2264667555689812, 1.1904663510620594, 1.136812043376267, 1.0948756469413639, 1.0561198262497782, 1.0503433395177126, 1.1106413112953306, 1.1979662794619799, 1.2201661739498377, 1.1607955804094672, 1.101696810312569, 1.0582912326790392, 1.0167990940622986, 0.9935918579809367, 0.9278710613027215, 0.8962287255562842, 0.8357245027087629, 0.7926305304281414, 0.7666039674542844, 0.7429938020650297, 0.7207314284052699, 0.7045491633005441, 0.7369657623581588, 0.8118264354765415, 0.701333596277982, 0.7037684414535761, 0.6562872354406863, 0.6293158848304301, 0.6156095875194296], "accuracy": [0.1, 0.1, 0.1, 0.2, 0.2, 0.3, 0.3, 0.3, 0.3, 0.3, 0.4, 0.4, 0.5, 0.4, 0.6, 0.4, 0.6, 0.7, 0.6, 0.5, 0.5, 0.5, 0.6, 0.6, 0.6, 0.6, 0.7, 0.6, 0.6, 0.7, 0.8, 0.8, 0.7, 0.7, 0.7, 0.7, 0.6, 0.5, 0.6, 0.7, 0.7, 0.7, 0.8, 0.8, 0.7, 0.6, 0.7, 0.7, 0.8, 0.8]}