{"epoch": [1, 2, 3, 4, 5, 6, 7, 8, 9, 10, 11, 12, 13, 14, 15, 16, 17, 18, 19, 20, 21, 22, 23, 24, 25, 26, 27, 28, 29, 30], "loss": [3.6353395700454714, 3.455037945508957, 2.9226546943187715, 2.5542452841997147, 2.4179701775312425, 2.3172450572252274, 2.2272536039352415, 2.179556372761726, 2.1089083939790725, 2.0526955515146255, 1.9316009506583214, 1.8377661801874638, 1.9252115696668626, 1.7135024718940257, 1.755436059832573, 1.605962322279811, 1.6524638116359711, 1.5514993637800216, 1.588832813501358, 1.4741541612893343, 1.4572489699348807, 1.4181891825050115, 1.2793539993464946, 1.2687356792390347, 1.3130701411515475, 1.2066849761642515, 1.1989267084747552, 1.0723769753240049, 1.0609344558790326, 1.011428408883512], "accuracy": [0.1, 0.1, 0.2, 0.1, 0.2, 0.4, 0.6, 0.5, 0.3, 0.4, 0.4, 0.6, 0.3, 0.7, 0.8, 0.7, 0.8, 0.6, 0.7, 0.8, 0.7, 0.8, 0.7, 0.6, 0.7, 0.8, 0.6, 0.8, 0.7, 0.8]}