{"epoch": [1, 2, 3, 4, 5], "loss": [0.00891228866434878, 0.0046154035741436845, 0.004389505526068195, 0.004243555833722001, 0.004134704468426093], "mse": [0.004973825828112109, 0.004435805672809509, 0.004207066543968443, 0.004238734039323103, 0.004049909894541634]}