{"epoch": [1, 2, 3, 4, 5], "loss": [3.2844810962677, 2.568632924556732, 2.4038646697998045, 2.256684994697571, 1.9620397955179214], "accuracy": [0.1, 0.1, 0.3, 0.3, 0.6]}