{"epoch": [1, 2, 3, 4, 5, 6, 7, 8, 9, 10, 11, 12, 13, 14, 15, 16, 17, 18, 19, 20, 21, 22, 23, 24, 25, 26, 27, 28, 29, 30, 31, 32, 33, 34, 35, 36, 37, 38, 39, 40, 41, 42, 43, 44, 45, 46, 47, 48, 49, 50], "loss": [2.941218982140223, 1.9028603720168273, 1.422999835262696, 1.0163850141689181, 0.7504259810472528, 0.5619410641180972, 0.4548139471250276, 0.5044312869819502, 0.37029685809587437, 0.25694346233891946, 0.24240556972411773, 0.19788536976557225, 0.19773786610069996, 0.42166648890512687, 0.2418814825747783, 0.22925220280497646, 0.15996591240400448, 0.2199999078293331, 0.15702593711709292, 0.15788606882172948, 0.10857900510503289, 0.15040222663568178, 0.12977895674218112, 0.2200665135848491, 0.09351174099720083, 0.08482635533437133, 0.06478668875449027, 0.06151034427603008, 0.12680985929910094, 0.12212889199827259, 0.12301594447975124, 0.1081408162038618, 0.07579591630201321, 0.09323364092657964, 0.1497310241587305, 0.15404557481330508, 0.21631212319728851, 0.04093039483996108, 0.06172283410705859, 0.04361281396025637, 0.03326752431318406, 0.044717124375893036, 0.03230083059073271, 0.10206028830361902, 0.08017780720426042, 0.07205335800472312, 0.04189540777103199, 0.040574922895151154, 0.14656829812156502, 0.07119668402568398], "accuracy": [0.25829773250082155, 0.46204403549129147, 0.6391718698652645, 0.7893526125534013, 0.8393033190930004, 0.868550772264213, 0.8435754189944135, 0.8974696023660861, 0.9217877094972067, 0.909300032862307, 0.959250739401906, 0.9224449556358857, 0.8869536641472231, 0.9378902398948407, 0.9293460400920145, 0.9605652316792639, 0.964837331580677, 0.9661518238580349, 0.9664804469273743, 0.9635228393033191, 0.9875123233651002, 0.9704239237594479, 0.9474203089056852, 0.9815971081169899, 0.9927702924745317, 0.978968123562274, 0.9809398619783108, 0.969766677620769, 0.9783108774235951, 0.9681235622740716, 0.9231022017745646, 0.9904699309891555, 0.9848833388103845, 0.9868550772264213, 0.9569503779165297, 0.9881695695037792, 0.9940847847518895, 0.9871837002957607, 0.979625369700953, 0.9940847847518895, 0.9825829773250082, 0.9819257311863293, 0.9917844232665133, 0.9799539927702925, 0.9783108774235951, 0.9881695695037792, 0.994413407821229, 0.9848833388103845, 0.9602366086099244, 0.995070653959908]}