{"epoch": [1, 2, 3, 4, 5, 6, 7, 8, 9, 10, 11, 12, 13, 14, 15, 16, 17, 18, 19, 20, 21, 22, 23, 24, 25, 26, 27, 28, 29, 30], "loss": [3.410026250779629, 2.294657271169126, 1.2002432089298964, 0.7165525896591134, 0.5265308567555621, 0.4994359899908886, 0.45856246052208005, 0.3764775714633288, 0.2912533031121711, 0.242578527508158, 0.34410961143603347, 0.23393853522666178, 0.24640978589602583, 0.23333484309396227, 0.35323100606005936, 0.250885466892214, 0.23821349945264955, 0.24203731392244662, 0.2403759777344021, 0.2020564745235333, 0.22955357545893093, 0.12486405061933965, 0.18926836077175152, 0.1805818468070214, 0.21912435880263387, 0.22939395933910872, 0.12049154538114522, 0.20398164672384098, 0.12621195910569227, 0.1757235919184829], "accuracy": [0.1, 0.55, 0.775, 0.875, 0.9, 0.9, 0.85, 0.925, 0.9, 0.925, 0.9, 0.975, 0.925, 0.95, 0.875, 0.95, 0.925, 0.925, 0.95, 0.95, 0.95, 0.95, 0.975, 0.95, 0.9, 0.9, 0.9, 0.975, 0.925, 0.975]}