{"epoch": [1, 2, 3, 4, 5, 6, 7, 8, 9, 10, 11, 12, 13, 14, 15, 16, 17, 18, 19, 20], "loss": [3.5643513550361, 2.369891408830881, 1.6917063786337774, 1.3432461220460634, 1.1547140299032133, 1.1717439664838214, 1.302096829439203, 1.1507412654658158, 1.1029138664404552, 1.008974931280439, 1.0456728470065475, 0.9080478067432219, 0.8522851788050806, 0.9793507111025974, 0.8127727669974169, 0.8863282101713897, 0.7938567094194392, 0.8390359826541195, 0.8812778631302839, 0.9379365971932808], "accuracy": [0.36838646072954323, 0.5724613867893527, 0.7564903056194545, 0.8251725271114032, 0.8241866579033849, 0.7702924745317121, 0.7479461058166283, 0.8557344725599737, 0.8606638186000657, 0.8314163654288531, 0.8747946105816629, 0.853105488005258, 0.8780808412750575, 0.9027275714755176, 0.8849819257311863, 0.8820243181071311, 0.9089714097929674, 0.8945119947420309, 0.8245152809727243, 0.8899112717712784]}